{
    "b13_stats_toothpick_v1.1.fits": {
        "Av_Best": {
            "max": 10.049999999999999,
            "min": 0.0
        },
        "DEC": {
            "max": 41.84946610806745,
            "min": 41.709226391293456
        },
        "HST_ACS_WFC_F475W": {
            "max": 7.713710516144522e-15,
            "min": 4.8516576000458715e-20
        },
        "HST_ACS_WFC_F814W": {
            "max": 4.639371823316569e-15,
            "min": -1.3611848930685929e-19
        },
        "HST_WFC3_F110W": {
            "max": 2.233755266192283e-15,
            "min": -2.246006087342518e-18
        }
    },
    "b14_stats_toothpick_v1.1.fits": {
        "Av_Best": {
            "max": 10.049999999999999,
            "min": 0.0
        },
        "DEC": {
            "max": 41.81857555847354,
            "min": 41.67817529712584
        },
        "HST_ACS_WFC_F475W": {
            "max": 1.1650362207078768e-14,
            "min": 4.8516576000458715e-20
        },
        "HST_ACS_WFC_F814W": {
            "max": 4.730117427571238e-15,
            "min": 0.0
        },
        "HST_WFC3_F110W": {
            "max": 3.4302640548465775e-15,
            "min": -2.327679212689013e-18
        }
    },
    "b15_stats_toothpick_v1.1.fits": {
        "Av_Best": {
            "max": 10.049999999999999,
            "min": 0.0
        },
        "DEC": {
            "max": 41.955072916024875,
            "min": 41.81459023047572
        },
        "HST_ACS_WFC_F475W": {
            "max": 1.0267215002452909e-14,
            "min": 4.8516576000458715e-20
        },
        "HST_ACS_WFC_F814W": {
            "max": 4.514596670405959e-15,
            "min": -1.134320787306151e-19
        },
        "HST_WFC3_F110W": {
            "max": 3.2505835910202332e-15,
            "min": -1.1025848140334235e-18
        }
    },
    "b16_stats_toothpick_v1.1.fits": {
        "Av_Best": {
            "max": 10.049999999999999,
            "min": 0.0
        },
        "DEC": {
            "max": 41.924030800444974,
            "min": 41.783546600661985
        },
        "HST_ACS_WFC_F475W": {
            "max": 6.862542354041726e-15,
            "min": 4.8516576000458715e-20
        },
        "HST_ACS_WFC_F814W": {
            "max": 3.2328143220944957e-15,
            "min": -8.167109358411557e-19
        },
        "HST_WFC3_F110W": {
            "max": 1.9805690714449738e-15,
            "min": -1.7559684726368893e-19
        }
    },
    "b22_stats_toothpick_v1.1.fits": {
        "Av_Best": {
            "max": 10.049999999999999,
            "min": 0.0
        },
        "DEC": {
            "max": 42.224936706807846,
            "min": 42.08501219268772
        },
        "HST_ACS_WFC_F475W": {
            "max": 9.096858567803328e-15,
            "min": 4.8516576000458715e-20
        },
        "HST_ACS_WFC_F814W": {
            "max": 4.605341851144154e-15,
            "min": -4.5372828597113894e-17
        },
        "HST_WFC3_F110W": {
            "max": 3.336340171215574e-15,
            "min": -2.9402261535228666e-19
        }
    }
}